Conventions,G,BADC-CSV,1
title,G,uk-daily-temperature-obs
source,G,Met Office MIDAS database
creator,G,Met Office
activity,G,Met Office MIDAS Open: UK Land Surface Stations Data
feature_type,G,point series
collection_name,G,midas-open
collection_version_number,G,dataset-version-202407
history,G,Created 2024-07-24
last_revised_date,G,2024-07-24
observation_station,G,london-st-jamess-park
historic_county_name,G,greater-london
authority,G,Met Office
midas_station_id,G,00697
location,G,51.505,-0.131
height,G,5,m
date_valid,G,1976-01-01 00:00:00,1976-12-31 23:59:59
midas_qc_version_number,G,1
comments,G,The midas_qc_version_number indicates if the data are original received message (0) or current best version (1)
comments,G,This file contains station observations
comments,G,missing values are identified with the missing data flag
missing_value,G,NA
coordinate_variable,ob_end_time,t
long_name,ob_end_time,Date and time at end of observation,s
type,ob_end_time,char
comments,ob_end_time,Date and time (YYYY-MM-DD HH:MM:SS) at the end of the observation period
comments,ob_end_time,Use ob_end_time in conjunction with ob_hour_count to determine the period over which the observation relates.
comments,ob_end_time,Common periods include 12 hour observations ending at 0900 or 2100 or 24 hour observations ending at 0900.
long_name,id_type,identifier type,1
type,id_type,char
comments,id_type,a station may have more than one id assigned to it defined by id_type
long_name,id,station identifier,1
type,id,char
comments,id,a station may have more than one id assigned to it
long_name,ob_hour_count,observation hour count,hours
type,ob_hour_count,int
comments,ob_hour_count,number of hours the observation period spans
long_name,version_num,midas qc version number,1
type,version_num,int
comments,version_num,The midas_qc_version_number indicates if the data are original received message (0) or current best version (1)
long_name,met_domain_name,message type,1
type,met_domain_name,char
comments,met_domain_name,message type (see MIDAS documentation)
long_name,src_id,unique MIDAS source identifier,1
type,src_id,int
long_name,rec_st_ind,state indicator for the record,1
type,rec_st_ind,int
comments,rec_st_ind,state indicator for the current stage in the life of the record (see MIDAS documentation)
long_name,max_air_temp,maximum air temperature,degC
type,max_air_temp,float
comments,max_air_temp,maximum air temperature recorded during the observation period
long_name,min_air_temp,minimum air temperature,degC
type,min_air_temp,float
comments,min_air_temp,minimum air temperature recorded during the observation period
long_name,min_grss_temp,minimum grass temperature, degC
type,min_grss_temp,float
comments,min_grss_temp,minimum grass temperature recorded during the observation period
long_name,min_conc_temp,minimum concrete temperature, degC
type,min_conc_temp,float
comments,min_conc_temp,minimum concrete temperature recorded during the observation period
long_name,max_air_temp_q,maximum air temperature qc code,1
type,max_air_temp_q,int
comments,max_air_temp_q,maximum air temperature qc code (see MIDAS documentation)
long_name,min_air_temp_q,minimum air temperature qc code,1
type,min_air_temp_q,int
comments,min_air_temp_q,minimum air temperature qc code (see MIDAS documentation)
long_name,min_grss_temp_q,minimum grass temperature qc code,1
type,min_grss_temp_q,int
comments,min_grss_temp_q,minimum grass temperature qc code (see MIDAS documentation)
long_name,min_conc_temp_q,minimum concrete temperature qc code,1
type,min_conc_temp_q,int
comments,min_conc_temp_q,minimum concrete temperature qc code (see MIDAS documentation)
long_name,max_air_temp_j,maximum air temperature descriptor code,1
type,max_air_temp_j,int
comments,max_air_temp_j,maximum air temperature descriptor code (see MIDAS documentation)
long_name,min_air_temp_j,minimum air temperature descriptor code,1
type,min_air_temp_j,int
comments,min_air_temp_j,minimum air temperature descriptor code (see MIDAS documentation)
long_name,min_grss_temp_j,minimum grass temperature descriptor code,1
type,min_grss_temp_j,int
comments,min_grss_temp_j,minimum grass temperature descriptor code (see MIDAS documentation)
long_name,min_conc_temp_j,minimum concrete temperature descriptor code,1
type,min_conc_temp_j,int
comments,min_conc_temp_j,minimum concrete temperature descriptor code (see MIDAS documentation)
long_name,meto_stmp_time,Met Office receipt stamp time,s
type,meto_stmp_time,char
comments,meto_stmp_time,Met Office receipt stamp time as YYYY-MM-DD HH:MM:SS
long_name,midas_stmp_etime,elapsed time to storage in MIDAS,minutes
type,midas_stmp_etime,int
comments,midas_stmp_etime,elapsed time to storage in MIDAS in minutes
data
ob_end_time,id_type,id,ob_hour_count,version_num,met_domain_name,src_id,rec_st_ind,max_air_temp,min_air_temp,min_grss_temp,min_conc_temp,max_air_temp_q,min_air_temp_q,min_grss_temp_q,min_conc_temp_q,max_air_temp_j,min_air_temp_j,min_grss_temp_j,min_conc_temp_j,meto_stmp_time,midas_stmp_etime
1976-01-01 09:00:00,DCNN,5034,24,1,DLY3208,697,1001,11.4,4.7,1.0,NA,9,9,9,0,NA,NA,NA,NA,NA,NA
1976-01-02 09:00:00,DCNN,5034,24,1,DLY3208,697,1001,12.4,5.0,2.9,NA,9,9,9,0,NA,NA,NA,NA,NA,NA
1976-01-03 09:00:00,DCNN,5034,24,1,DLY3208,697,1001,13.8,5.7,2.4,NA,9,9,9,0,NA,NA,NA,NA,NA,NA
1976-01-04 09:00:00,DCNN,5034,24,1,DLY3208,697,1001,13.7,0.0,-6.5,NA,9,9,9,0,NA,NA,NA,NA,NA,NA
1976-01-05 09:00:00,DCNN,5034,24,1,DLY3208,697,1001,10.8,2.4,1.2,NA,9,9,9,0,NA,NA,NA,NA,NA,NA
1976-01-06 09:00:00,DCNN,5034,24,1,DLY3208,697,1001,11.2,8.3,3.6,NA,9,9,9,0,NA,NA,NA,NA,NA,NA
1976-01-07 09:00:00,DCNN,5034,24,1,DLY3208,697,1001,11.6,6.4,-0.5,NA,9,9,9,0,NA,NA,NA,NA,NA,NA
1976-01-08 09:00:00,DCNN,5034,24,1,DLY3208,697,1001,10.0,8.4,7.5,NA,9,9,9,0,NA,NA,NA,NA,NA,NA
1976-01-09 09:00:00,DCNN,5034,24,1,DLY3208,697,1001,11.0,7.5,3.2,NA,9,9,9,0,NA,NA,NA,NA,NA,NA
1976-01-10 09:00:00,DCNN,5034,24,1,DLY3208,697,1001,12.6,8.5,7.4,NA,9,9,9,0,NA,NA,NA,NA,NA,NA
1976-01-11 09:00:00,DCNN,5034,24,1,DLY3208,697,1001,12.4,9.4,8.5,NA,9,9,9,0,NA,NA,NA,NA,NA,NA
1976-01-12 09:00:00,DCNN,5034,24,1,DLY3208,697,1001,13.1,8.6,4.7,NA,9,9,9,0,NA,NA,NA,NA,NA,NA
1976-01-13 09:00:00,DCNN,5034,24,1,DLY3208,697,1001,13.0,6.4,1.1,NA,9,9,9,0,NA,NA,NA,NA,NA,NA
1976-01-14 09:00:00,DCNN,5034,24,1,DLY3208,697,1001,11.3,7.0,2.3,NA,9,9,9,0,NA,NA,NA,NA,NA,NA
1976-01-15 09:00:00,DCNN,5034,24,1,DLY3208,697,1001,11.5,2.8,-2.4,NA,9,9,9,0,NA,NA,NA,NA,NA,NA
1976-01-16 09:00:00,DCNN,5034,24,1,DLY3208,697,1001,9.1,3.5,-1.7,NA,9,9,9,0,NA,NA,NA,NA,NA,NA
1976-01-17 09:00:00,DCNN,5034,24,1,DLY3208,697,1001,9.2,3.4,-0.2,NA,9,9,9,0,NA,NA,NA,NA,NA,NA
1976-01-18 09:00:00,DCNN,5034,24,1,DLY3208,697,1001,9.9,6.0,1.1,NA,9,9,9,0,NA,NA,NA,NA,NA,NA
1976-01-19 09:00:00,DCNN,5034,24,1,DLY3208,697,1001,9.1,3.5,-1.5,NA,9,9,9,0,NA,NA,NA,NA,NA,NA
1976-01-20 09:00:00,DCNN,5034,24,1,DLY3208,697,1001,11.2,5.5,3.6,NA,9,9,9,0,NA,NA,NA,NA,NA,NA
1976-01-21 09:00:00,DCNN,5034,24,1,DLY3208,697,1001,11.9,5.0,1.3,NA,9,9,9,0,NA,NA,NA,NA,NA,NA
1976-01-22 09:00:00,DCNN,5034,24,1,DLY3208,697,1001,10.4,6.3,4.4,NA,9,9,9,0,NA,NA,NA,NA,NA,NA
1976-01-23 09:00:00,DCNN,5034,24,1,DLY3208,697,1001,12.1,7.0,2.9,NA,9,9,9,0,NA,NA,NA,NA,NA,NA
1976-01-24 09:00:00,DCNN,5034,24,1,DLY3208,697,1001,8.5,-0.1,-5.0,NA,9,9,9,0,NA,NA,NA,NA,NA,NA
1976-01-25 09:00:00,DCNN,5034,24,1,DLY3208,697,1001,3.6,0.3,-2.3,NA,9,9,9,0,NA,NA,NA,NA,NA,NA
1976-01-26 09:00:00,DCNN,5034,24,1,DLY3208,697,1001,1.9,0.1,-3.1,NA,9,9,9,0,NA,NA,NA,NA,NA,NA
1976-01-27 09:00:00,DCNN,5034,24,1,DLY3208,697,1001,3.9,0.7,-3.1,NA,9,9,9,0,NA,NA,NA,NA,NA,NA
1976-01-28 09:00:00,DCNN,5034,24,1,DLY3208,697,1001,5.2,-1.5,-8.5,NA,9,9,9,0,NA,NA,NA,NA,NA,NA
1976-01-29 09:00:00,DCNN,5034,24,1,DLY3208,697,1001,2.8,1.4,-3.3,NA,9,9,9,0,NA,NA,NA,NA,NA,NA
1976-01-30 09:00:00,DCNN,5034,24,1,DLY3208,697,1001,3.7,-2.8,-5.8,NA,9,9,9,0,NA,NA,NA,NA,NA,NA
1976-01-31 09:00:00,DCNN,5034,24,1,DLY3208,697,1001,0.3,-1.5,-2.9,NA,9,9,9,0,NA,NA,NA,NA,NA,NA
1976-02-01 09:00:00,DCNN,5034,24,1,DLY3208,697,1001,0.2,-1.0,-1.3,NA,9,9,9,0,NA,NA,NA,NA,NA,NA
1976-02-02 09:00:00,DCNN,5034,24,1,DLY3208,697,1001,1.3,-1.1,-1.1,NA,9,9,9,0,NA,NA,NA,NA,NA,NA
1976-02-03 09:00:00,DCNN,5034,24,1,DLY3208,697,1001,3.3,0.1,-1.5,NA,9,9,9,0,NA,NA,NA,NA,NA,NA
1976-02-04 09:00:00,DCNN,5034,24,1,DLY3208,697,1001,2.0,-0.7,-1.8,NA,9,9,9,0,NA,NA,NA,NA,NA,NA
1976-02-05 09:00:00,DCNN,5034,24,1,DLY3208,697,1001,3.0,1.7,0.9,NA,9,9,9,0,NA,NA,NA,NA,NA,NA
1976-02-06 09:00:00,DCNN,5034,24,1,DLY3208,697,1001,3.9,2.3,1.3,NA,9,9,9,0,NA,NA,NA,NA,NA,NA
1976-02-07 09:00:00,DCNN,5034,24,1,DLY3208,697,1001,8.6,2.5,-2.6,NA,9,9,9,0,NA,NA,NA,NA,NA,NA
1976-02-08 09:00:00,DCNN,5034,24,1,DLY3208,697,1001,7.6,4.0,-3.0,NA,9,9,9,0,NA,NA,NA,NA,NA,NA
1976-02-09 09:00:00,DCNN,5034,24,1,DLY3208,697,1001,9.7,0.5,-7.1,NA,9,9,9,0,NA,NA,NA,NA,NA,NA
1976-02-10 09:00:00,DCNN,5034,24,1,DLY3208,697,1001,10.5,4.1,-0.7,NA,9,9,9,0,NA,NA,NA,NA,NA,NA
1976-02-11 09:00:00,DCNN,5034,24,1,DLY3208,697,1001,9.4,2.0,-1.0,NA,9,9,9,0,NA,NA,NA,NA,NA,NA
1976-02-12 09:00:00,DCNN,5034,24,1,DLY3208,697,1001,7.0,1.7,-3.0,NA,9,9,9,0,NA,NA,NA,NA,NA,NA
1976-02-13 09:00:00,DCNN,5034,24,1,DLY3208,697,1001,10.0,4.1,-3.1,NA,9,9,9,0,NA,NA,NA,NA,NA,NA
1976-02-14 09:00:00,DCNN,5034,24,1,DLY3208,697,1001,6.1,1.8,-1.3,NA,9,9,9,0,NA,NA,NA,NA,NA,NA
1976-02-15 09:00:00,DCNN,5034,24,1,DLY3208,697,1001,6.2,-1.6,-6.7,NA,9,9,9,0,NA,NA,NA,NA,NA,NA
1976-02-16 09:00:00,DCNN,5034,24,1,DLY3208,697,1001,5.1,0.5,-2.5,NA,9,9,9,0,NA,NA,NA,NA,NA,NA
1976-02-17 09:00:00,DCNN,5034,24,1,DLY3208,697,1001,3.6,0.7,-2.6,NA,9,9,9,0,NA,NA,NA,NA,NA,NA
1976-02-18 09:00:00,DCNN,5034,24,1,DLY3208,697,1001,4.1,2.0,1.7,NA,9,9,9,0,NA,NA,NA,NA,NA,NA
1976-02-19 09:00:00,DCNN,5034,24,1,DLY3208,697,1001,4.7,1.5,-2.6,NA,9,9,9,0,NA,NA,NA,NA,NA,NA
1976-02-20 09:00:00,DCNN,5034,24,1,DLY3208,697,1001,6.4,1.8,-2.3,NA,9,9,9,0,NA,NA,NA,NA,NA,NA
1976-02-21 09:00:00,DCNN,5034,24,1,DLY3208,697,1001,9.5,3.8,-2.1,NA,9,9,9,0,NA,NA,NA,NA,NA,NA
1976-02-22 09:00:00,DCNN,5034,24,1,DLY3208,697,1001,13.0,4.3,6.2,NA,9,109,109,0,NA,NA,NA,NA,NA,NA
1976-02-23 09:00:00,DCNN,5034,24,1,DLY3208,697,1001,11.6,6.7,2.9,NA,9,9,9,0,NA,NA,NA,NA,NA,NA
1976-02-24 09:00:00,DCNN,5034,24,1,DLY3208,697,1001,10.7,8.3,8.5,NA,9,9,9,0,NA,NA,NA,NA,NA,NA
1976-02-25 09:00:00,DCNN,5034,24,1,DLY3208,697,1001,13.9,6.0,1.6,NA,9,9,9,0,NA,NA,NA,NA,NA,NA
1976-02-26 09:00:00,DCNN,5034,24,1,DLY3208,697,1001,14.5,6.0,1.3,NA,9,9,9,0,NA,NA,NA,NA,NA,NA
1976-02-27 09:00:00,DCNN,5034,24,1,DLY3208,697,1001,12.0,6.0,0.0,NA,9,9,9,0,NA,NA,NA,NA,NA,NA
1976-02-28 09:00:00,DCNN,5034,24,1,DLY3208,697,1001,12.0,3.3,-2.2,NA,9,9,9,0,NA,NA,NA,NA,NA,NA
1976-02-29 09:00:00,DCNN,5034,24,1,DLY3208,697,1001,10.0,3.7,-2.5,NA,9,9,9,0,NA,NA,NA,NA,NA,NA
1976-03-01 09:00:00,DCNN,5034,24,1,DLY3208,697,1001,14.8,0.6,-4.1,NA,9,9,9,0,NA,NA,NA,NA,NA,NA
1976-03-02 09:00:00,DCNN,5034,24,1,DLY3208,697,1001,10.9,0.0,-6.2,NA,9,9,9,0,NA,NA,NA,NA,NA,NA
1976-03-03 09:00:00,DCNN,5034,24,1,DLY3208,697,1001,10.5,3.4,-1.1,NA,9,9,9,0,NA,NA,NA,NA,NA,NA
1976-03-04 09:00:00,DCNN,5034,24,1,DLY3208,697,1001,9.7,2.5,-4.2,NA,9,9,9,0,NA,NA,NA,NA,NA,NA
1976-03-05 09:00:00,DCNN,5034,24,1,DLY3208,697,1001,11.6,1.6,-3.6,NA,9,9,9,0,NA,NA,NA,NA,NA,NA
1976-03-06 09:00:00,DCNN,5034,24,1,DLY3208,697,1001,9.8,-0.7,-4.0,NA,9,9,9,0,NA,NA,NA,NA,NA,NA
1976-03-07 09:00:00,DCNN,5034,24,1,DLY3208,697,1001,4.5,0.0,-2.8,NA,9,9,9,0,NA,NA,NA,NA,NA,NA
1976-03-08 09:00:00,DCNN,5034,24,1,DLY3208,697,1001,3.8,-0.8,-2.9,NA,9,9,9,0,NA,NA,NA,NA,NA,NA
1976-03-09 09:00:00,DCNN,5034,24,1,DLY3208,697,1001,5.1,1.0,-4.0,NA,9,9,9,0,NA,NA,NA,NA,NA,NA
1976-03-10 09:00:00,DCNN,5034,24,1,DLY3208,697,1001,7.1,-1.5,-8.5,NA,9,9,9,0,NA,NA,NA,NA,NA,NA
1976-03-11 09:00:00,DCNN,5034,24,1,DLY3208,697,1001,9.1,3.9,0.2,NA,9,9,9,0,NA,NA,NA,NA,NA,NA
1976-03-12 09:00:00,DCNN,5034,24,1,DLY3208,697,1001,8.8,4.9,3.7,NA,9,9,9,0,NA,NA,NA,NA,NA,NA
1976-03-13 09:00:00,DCNN,5034,24,1,DLY3208,697,1001,9.3,3.9,-0.4,NA,9,9,9,0,NA,NA,NA,NA,NA,NA
1976-03-14 09:00:00,DCNN,5034,24,1,DLY3208,697,1001,8.0,3.1,3.1,NA,9,9,9,0,NA,NA,NA,NA,NA,NA
1976-03-15 09:00:00,DCNN,5034,24,1,DLY3208,697,1001,7.2,3.6,0.3,NA,9,9,9,0,NA,NA,NA,NA,NA,NA
1976-03-16 09:00:00,DCNN,5034,24,1,DLY3208,697,1001,6.5,4.7,4.6,NA,9,9,9,0,NA,NA,NA,NA,NA,NA
1976-03-17 09:00:00,DCNN,5034,24,1,DLY3208,697,1001,7.8,4.1,4.4,NA,9,9,9,0,NA,NA,NA,NA,NA,NA
1976-03-18 09:00:00,DCNN,5034,24,1,DLY3208,697,1001,8.5,5.0,4.4,NA,9,9,9,0,NA,NA,NA,NA,NA,NA
1976-03-19 09:00:00,DCNN,5034,24,1,DLY3208,697,1001,10.8,1.4,-3.1,NA,9,9,9,0,NA,NA,NA,NA,NA,NA
1976-03-20 09:00:00,DCNN,5034,24,1,DLY3208,697,1001,6.7,1.7,-3.0,NA,9,9,9,0,NA,NA,NA,NA,NA,NA
1976-03-21 09:00:00,DCNN,5034,24,1,DLY3208,697,1001,9.8,1.9,-3.4,NA,9,9,9,0,NA,NA,NA,NA,NA,NA
1976-03-22 09:00:00,DCNN,5034,24,1,DLY3208,697,1001,9.4,1.9,-4.3,NA,9,9,9,0,NA,NA,NA,NA,NA,NA
1976-03-23 09:00:00,DCNN,5034,24,1,DLY3208,697,1001,6.0,0.0,-5.0,NA,9,9,9,0,NA,NA,NA,NA,NA,NA
1976-03-24 09:00:00,DCNN,5034,24,1,DLY3208,697,1001,5.3,0.0,-4.0,NA,9,9,9,0,NA,NA,NA,NA,NA,NA
1976-03-25 09:00:00,DCNN,5034,24,1,DLY3208,697,1001,10.1,3.0,5.5,NA,9,109,109,0,NA,NA,NA,NA,NA,NA
1976-03-26 09:00:00,DCNN,5034,24,1,DLY3208,697,1001,13.3,7.3,7.0,NA,9,9,9,0,NA,NA,NA,NA,NA,NA
1976-03-27 09:00:00,DCNN,5034,24,1,DLY3208,697,1001,12.2,4.0,-1.4,NA,9,9,9,0,NA,NA,NA,NA,NA,NA
1976-03-28 09:00:00,DCNN,5034,24,1,DLY3208,697,1001,13.1,6.1,1.7,NA,9,9,9,0,NA,NA,NA,NA,NA,NA
1976-03-29 09:00:00,DCNN,5034,24,1,DLY3208,697,1001,15.2,4.0,0.5,NA,9,9,9,0,NA,NA,NA,NA,NA,NA
1976-03-30 09:00:00,DCNN,5034,24,1,DLY3208,697,1001,12.7,5.2,-1.4,NA,9,9,9,0,NA,NA,NA,NA,NA,NA
1976-03-31 09:00:00,DCNN,5034,24,1,DLY3208,697,1001,13.0,5.8,1.5,NA,9,9,9,0,NA,NA,NA,NA,NA,NA
1976-04-01 09:00:00,DCNN,5034,24,1,DLY3208,697,1001,14.2,8.5,5.1,NA,9,9,9,0,NA,NA,NA,NA,NA,NA
1976-04-02 09:00:00,DCNN,5034,24,1,DLY3208,697,1001,14.3,7.4,3.7,NA,9,9,9,0,NA,NA,NA,NA,NA,NA
1976-04-03 09:00:00,DCNN,5034,24,1,DLY3208,697,1001,11.7,1.4,-3.5,NA,9,9,9,0,NA,NA,NA,NA,NA,NA
1976-04-04 09:00:00,DCNN,5034,24,1,DLY3208,697,1001,11.8,2.6,-4.3,NA,9,9,9,0,NA,NA,NA,NA,NA,NA
1976-04-05 09:00:00,DCNN,5034,24,1,DLY3208,697,1001,11.7,2.5,-3.1,NA,9,9,9,0,NA,NA,NA,NA,NA,NA
1976-04-06 09:00:00,DCNN,5034,24,1,DLY3208,697,1001,13.5,6.9,2.5,NA,9,9,9,0,NA,NA,NA,NA,NA,NA
1976-04-07 09:00:00,DCNN,5034,24,1,DLY3208,697,1001,15.8,5.4,-5.6,NA,9,9,9,0,NA,NA,NA,NA,NA,NA
1976-04-08 09:00:00,DCNN,5034,24,1,DLY3208,697,1001,10.4,1.9,-1.8,NA,9,9,9,0,NA,NA,NA,NA,NA,NA
1976-04-09 09:00:00,DCNN,5034,24,1,DLY3208,697,1001,11.8,6.0,2.0,NA,9,9,9,0,NA,NA,NA,NA,NA,NA
1976-04-10 09:00:00,DCNN,5034,24,1,DLY3208,697,1001,13.9,6.6,1.4,NA,9,9,9,0,NA,NA,NA,NA,NA,NA
1976-04-11 09:00:00,DCNN,5034,24,1,DLY3208,697,1001,15.4,5.0,-0.6,NA,9,9,9,0,NA,NA,NA,NA,NA,NA
1976-04-12 09:00:00,DCNN,5034,24,1,DLY3208,697,1001,15.5,6.4,1.1,NA,9,9,9,0,NA,NA,NA,NA,NA,NA
1976-04-13 09:00:00,DCNN,5034,24,1,DLY3208,697,1001,15.0,5.7,2.4,NA,9,9,9,0,NA,NA,NA,NA,NA,NA
1976-04-14 09:00:00,DCNN,5034,24,1,DLY3208,697,1001,14.4,6.6,6.0,NA,9,9,9,0,NA,NA,NA,NA,NA,NA
1976-04-15 09:00:00,DCNN,5034,24,1,DLY3208,697,1001,10.3,6.2,4.0,NA,9,9,9,0,NA,NA,NA,NA,NA,NA
1976-04-16 09:00:00,DCNN,5034,24,1,DLY3208,697,1001,15.5,5.3,5.0,NA,9,9,9,0,NA,NA,NA,NA,NA,NA
1976-04-17 09:00:00,DCNN,5034,24,1,DLY3208,697,1001,11.0,5.1,2.0,NA,9,9,9,0,NA,NA,NA,NA,NA,NA
1976-04-18 09:00:00,DCNN,5034,24,1,DLY3208,697,1001,17.0,6.2,1.0,NA,9,9,9,0,NA,NA,NA,NA,NA,NA
1976-04-19 09:00:00,DCNN,5034,24,1,DLY3208,697,1001,18.9,7.8,3.3,NA,9,9,9,0,NA,NA,NA,NA,NA,NA
1976-04-20 09:00:00,DCNN,5034,24,1,DLY3208,697,1001,18.4,6.5,3.1,NA,9,9,9,0,NA,NA,NA,NA,NA,NA
1976-04-21 09:00:00,DCNN,5034,24,1,DLY3208,697,1001,18.5,6.8,4.3,NA,9,9,9,0,NA,NA,NA,NA,NA,NA
1976-04-22 09:00:00,DCNN,5034,24,1,DLY3208,697,1001,16.2,5.7,5.0,NA,9,9,9,0,NA,NA,NA,NA,NA,NA
1976-04-23 09:00:00,DCNN,5034,24,1,DLY3208,697,1001,13.4,3.0,1.2,NA,9,9,9,0,NA,NA,NA,NA,NA,NA
1976-04-24 09:00:00,DCNN,5034,24,1,DLY3208,697,1001,10.9,2.6,0.0,NA,9,9,9,0,NA,NA,NA,NA,NA,NA
1976-04-25 09:00:00,DCNN,5034,24,1,DLY3208,697,1001,11.7,5.5,2.8,NA,9,9,9,0,NA,NA,NA,NA,NA,NA
1976-04-26 09:00:00,DCNN,5034,24,1,DLY3208,697,1001,13.6,4.6,2.5,NA,9,9,9,0,NA,NA,NA,NA,NA,NA
1976-04-27 09:00:00,DCNN,5034,24,1,DLY3208,697,1001,13.3,6.5,6.1,NA,9,9,9,0,NA,NA,NA,NA,NA,NA
1976-04-28 09:00:00,DCNN,5034,24,1,DLY3208,697,1001,9.1,2.0,-1.6,NA,9,9,9,0,NA,NA,NA,NA,NA,NA
1976-04-29 09:00:00,DCNN,5034,24,1,DLY3208,697,1001,11.4,2.0,-3.6,NA,9,9,9,0,NA,NA,NA,NA,NA,NA
1976-04-30 09:00:00,DCNN,5034,24,1,DLY3208,697,1001,13.3,6.8,5.4,NA,9,9,9,0,NA,NA,NA,NA,NA,NA
1976-05-01 09:00:00,DCNN,5034,24,1,DLY3208,697,1001,15.4,6.3,0.0,NA,9,9,9,0,NA,NA,NA,NA,NA,NA
1976-05-02 09:00:00,DCNN,5034,24,1,DLY3208,697,1001,16.7,7.6,6.2,NA,9,9,9,0,NA,NA,NA,NA,NA,NA
1976-05-03 09:00:00,DCNN,5034,24,1,DLY3208,697,1001,15.0,8.7,5.8,NA,9,9,9,0,NA,NA,NA,NA,NA,NA
1976-05-04 09:00:00,DCNN,5034,24,1,DLY3208,697,1001,15.6,7.4,3.0,NA,9,9,9,0,NA,NA,NA,NA,NA,NA
1976-05-05 09:00:00,DCNN,5034,24,1,DLY3208,697,1001,16.9,10.0,7.7,NA,9,9,9,0,NA,NA,NA,NA,NA,NA
1976-05-06 09:00:00,DCNN,5034,24,1,DLY3208,697,1001,19.8,12.5,9.5,NA,9,9,9,0,NA,NA,NA,NA,NA,NA
1976-05-07 09:00:00,DCNN,5034,24,1,DLY3208,697,1001,23.3,10.5,6.1,NA,9,9,9,0,NA,NA,NA,NA,NA,NA
1976-05-08 09:00:00,DCNN,5034,24,1,DLY3208,697,1001,27.8,12.9,7.4,NA,9,9,9,0,NA,NA,NA,NA,NA,NA
1976-05-09 09:00:00,DCNN,5034,24,1,DLY3208,697,1001,26.6,12.4,9.5,NA,9,9,9,0,NA,NA,NA,NA,NA,NA
1976-05-10 09:00:00,DCNN,5034,24,1,DLY3208,697,1001,25.4,14.9,11.6,NA,9,9,9,0,NA,NA,NA,NA,NA,NA
1976-05-11 09:00:00,DCNN,5034,24,1,DLY3208,697,1001,20.1,7.1,1.4,NA,9,9,9,0,NA,NA,NA,NA,NA,NA
1976-05-12 09:00:00,DCNN,5034,24,1,DLY3208,697,1001,17.4,10.1,9.1,NA,9,9,9,0,NA,NA,NA,NA,NA,NA
1976-05-13 09:00:00,DCNN,5034,24,1,DLY3208,697,1001,16.1,7.2,2.2,NA,9,9,9,0,NA,NA,NA,NA,NA,NA
1976-05-14 09:00:00,DCNN,5034,24,1,DLY3208,697,1001,15.1,5.2,-0.1,NA,9,9,9,0,NA,NA,NA,NA,NA,NA
1976-05-15 09:00:00,DCNN,5034,24,1,DLY3208,697,1001,18.8,7.7,1.9,NA,9,9,9,0,NA,NA,NA,NA,NA,NA
1976-05-16 09:00:00,DCNN,5034,24,1,DLY3208,697,1001,18.8,7.2,2.8,NA,9,9,9,0,NA,NA,NA,NA,NA,NA
1976-05-17 09:00:00,DCNN,5034,24,1,DLY3208,697,1001,19.0,8.6,2.3,NA,9,9,9,0,NA,NA,NA,NA,NA,NA
1976-05-18 09:00:00,DCNN,5034,24,1,DLY3208,697,1001,21.2,11.0,4.9,NA,9,9,9,0,NA,NA,NA,NA,NA,NA
1976-05-19 09:00:00,DCNN,5034,24,1,DLY3208,697,1001,19.2,7.9,3.2,NA,9,9,9,0,NA,NA,NA,NA,NA,NA
1976-05-20 09:00:00,DCNN,5034,24,1,DLY3208,697,1001,15.4,8.0,5.3,NA,9,9,9,0,NA,NA,NA,NA,NA,NA
1976-05-21 09:00:00,DCNN,5034,24,1,DLY3208,697,1001,16.2,7.6,4.5,NA,9,9,9,0,NA,NA,NA,NA,NA,NA
1976-05-22 09:00:00,DCNN,5034,24,1,DLY3208,697,1001,18.5,11.0,9.5,NA,9,9,9,0,NA,NA,NA,NA,NA,NA
1976-05-23 09:00:00,DCNN,5034,24,1,DLY3208,697,1001,19.8,10.4,6.0,NA,9,9,9,0,NA,NA,NA,NA,NA,NA
1976-05-24 09:00:00,DCNN,5034,24,1,DLY3208,697,1001,21.7,11.9,8.2,NA,9,9,9,0,NA,NA,NA,NA,NA,NA
1976-05-25 09:00:00,DCNN,5034,24,1,DLY3208,697,1001,22.0,11.2,10.4,NA,9,9,9,0,NA,NA,NA,NA,NA,NA
1976-05-26 09:00:00,DCNN,5034,24,1,DLY3208,697,1001,17.0,9.3,6.0,NA,9,9,9,0,NA,NA,NA,NA,NA,NA
1976-05-27 09:00:00,DCNN,5034,24,1,DLY3208,697,1001,16.1,8.4,4.6,NA,9,9,9,0,NA,NA,NA,NA,NA,NA
1976-05-28 09:00:00,DCNN,5034,24,1,DLY3208,697,1001,18.3,10.9,6.6,NA,9,9,9,0,NA,NA,NA,NA,NA,NA
1976-05-29 09:00:00,DCNN,5034,24,1,DLY3208,697,1001,19.2,11.8,9.2,NA,9,9,9,0,NA,NA,NA,NA,NA,NA
1976-05-30 09:00:00,DCNN,5034,24,1,DLY3208,697,1001,22.6,9.3,3.7,NA,9,9,9,0,NA,NA,NA,NA,NA,NA
1976-05-31 09:00:00,DCNN,5034,24,1,DLY3208,697,1001,18.2,11.9,7.6,NA,9,9,9,0,NA,NA,NA,NA,NA,NA
1976-06-01 09:00:00,DCNN,5034,24,1,DLY3208,697,1001,19.2,12.5,12.0,NA,9,9,9,0,NA,NA,NA,NA,NA,NA
1976-06-02 09:00:00,DCNN,5034,24,1,DLY3208,697,1001,19.5,11.9,10.4,NA,9,9,9,0,NA,NA,NA,NA,NA,NA
1976-06-03 09:00:00,DCNN,5034,24,1,DLY3208,697,1001,16.5,8.5,3.9,NA,9,9,9,0,NA,NA,NA,NA,NA,NA
1976-06-04 09:00:00,DCNN,5034,24,1,DLY3208,697,1001,17.1,9.2,5.0,NA,9,9,9,0,NA,NA,NA,NA,NA,NA
1976-06-05 09:00:00,DCNN,5034,24,1,DLY3208,697,1001,21.4,10.4,4.4,NA,9,9,9,0,NA,NA,NA,NA,NA,NA
1976-06-06 09:00:00,DCNN,5034,24,1,DLY3208,697,1001,23.4,9.3,7.3,NA,9,9,9,0,NA,NA,NA,NA,NA,NA
1976-06-07 09:00:00,DCNN,5034,24,1,DLY3208,697,1001,25.3,14.9,9.1,NA,9,9,9,0,NA,NA,NA,NA,NA,NA
1976-06-08 09:00:00,DCNN,5034,24,1,DLY3208,697,1001,26.4,15.1,10.6,NA,9,9,9,0,NA,NA,NA,NA,NA,NA
1976-06-09 09:00:00,DCNN,5034,24,1,DLY3208,697,1001,29.6,15.4,10.0,NA,9,9,9,0,NA,NA,NA,NA,NA,NA
1976-06-10 09:00:00,DCNN,5034,24,1,DLY3208,697,1001,31.7,12.3,8.7,NA,9,9,9,0,NA,NA,NA,NA,NA,NA
1976-06-11 09:00:00,DCNN,5034,24,1,DLY3208,697,1001,21.9,11.0,6.2,NA,9,9,9,0,NA,NA,NA,NA,NA,NA
1976-06-12 09:00:00,DCNN,5034,24,1,DLY3208,697,1001,22.8,11.7,8.2,NA,9,9,9,0,NA,NA,NA,NA,NA,NA
1976-06-13 09:00:00,DCNN,5034,24,1,DLY3208,697,1001,24.3,12.2,7.6,NA,9,9,9,0,NA,NA,NA,NA,NA,NA
1976-06-14 09:00:00,DCNN,5034,24,1,DLY3208,697,1001,26.5,14.0,9.8,NA,9,9,9,0,NA,NA,NA,NA,NA,NA
1976-06-15 09:00:00,DCNN,5034,24,1,DLY3208,697,1001,27.1,14.3,9.6,NA,9,9,9,0,NA,NA,NA,NA,NA,NA
1976-06-16 09:00:00,DCNN,5034,24,1,DLY3208,697,1001,26.2,14.1,13.8,NA,9,9,9,0,NA,NA,NA,NA,NA,NA
1976-06-17 09:00:00,DCNN,5034,24,1,DLY3208,697,1001,17.4,13.0,12.2,NA,9,9,9,0,NA,NA,NA,NA,NA,NA
1976-06-18 09:00:00,DCNN,5034,24,1,DLY3208,697,1001,19.8,14.0,9.5,NA,9,9,9,0,NA,NA,NA,NA,NA,NA
1976-06-19 09:00:00,DCNN,5034,24,1,DLY3208,697,1001,25.8,14.3,12.6,NA,9,9,9,0,NA,NA,NA,NA,NA,NA
1976-06-20 09:00:00,DCNN,5034,24,1,DLY3208,697,1001,16.7,12.6,13.3,NA,9,9,9,0,NA,NA,NA,NA,NA,NA
1976-06-21 09:00:00,DCNN,5034,24,1,DLY3208,697,1001,20.8,10.8,6.0,NA,9,9,9,0,NA,NA,NA,NA,NA,NA
1976-06-22 09:00:00,DCNN,5034,24,1,DLY3208,697,1001,23.0,13.4,9.1,NA,9,9,9,0,NA,NA,NA,NA,NA,NA
1976-06-23 09:00:00,DCNN,5034,24,1,DLY3208,697,1001,27.7,18.5,14.5,NA,9,9,9,0,NA,NA,NA,NA,NA,NA
1976-06-24 09:00:00,DCNN,5034,24,1,DLY3208,697,1001,31.8,16.0,10.6,NA,9,9,9,0,NA,NA,NA,NA,NA,NA
1976-06-25 09:00:00,DCNN,5034,24,1,DLY3208,697,1001,31.4,16.3,11.1,NA,9,9,9,0,NA,NA,NA,NA,NA,NA
1976-06-26 09:00:00,DCNN,5034,24,1,DLY3208,697,1001,33.1,20.6,16.2,NA,9,9,9,0,NA,NA,NA,NA,NA,NA
1976-06-27 09:00:00,DCNN,5034,24,1,DLY3208,697,1001,34.6,20.3,17.5,NA,9,9,9,0,NA,NA,NA,NA,NA,NA
1976-06-28 09:00:00,DCNN,5034,24,1,DLY3208,697,1001,34.0,20.6,15.7,NA,9,9,9,0,NA,NA,NA,NA,NA,NA
1976-06-29 09:00:00,DCNN,5034,24,1,DLY3208,697,1001,33.7,18.6,14.8,NA,9,9,9,0,NA,NA,NA,NA,NA,NA
1976-06-30 09:00:00,DCNN,5034,24,1,DLY3208,697,1001,29.3,15.5,13.0,NA,9,9,9,0,NA,NA,NA,NA,NA,NA
1976-07-01 09:00:00,DCNN,5034,24,1,DLY3208,697,1001,29.8,17.6,15.4,NA,9,9,9,0,NA,NA,NA,NA,NA,NA
1976-07-02 09:00:00,DCNN,5034,24,1,DLY3208,697,1001,29.0,16.2,13.0,NA,9,9,9,0,NA,NA,NA,NA,NA,NA
1976-07-03 09:00:00,DCNN,5034,24,1,DLY3208,697,1001,31.4,18.9,12.7,NA,9,9,9,0,NA,NA,NA,NA,NA,NA
1976-07-04 09:00:00,DCNN,5034,24,1,DLY3208,697,1001,33.3,20.7,17.4,NA,9,9,9,0,NA,NA,NA,NA,NA,NA
1976-07-05 09:00:00,DCNN,5034,24,1,DLY3208,697,1001,33.1,19.6,16.1,NA,9,9,9,0,NA,NA,NA,NA,NA,NA
1976-07-06 09:00:00,DCNN,5034,24,1,DLY3208,697,1001,31.3,16.6,14.6,NA,9,9,9,0,NA,NA,NA,NA,NA,NA
1976-07-07 09:00:00,DCNN,5034,24,1,DLY3208,697,1001,32.3,17.7,12.9,NA,9,9,9,0,NA,NA,NA,NA,NA,NA
1976-07-08 09:00:00,DCNN,5034,24,1,DLY3208,697,1001,30.8,16.0,11.3,NA,9,9,9,0,NA,NA,NA,NA,NA,NA
1976-07-09 09:00:00,DCNN,5034,24,1,DLY3208,697,1001,30.0,16.5,12.9,NA,9,9,9,0,NA,NA,NA,NA,NA,NA
1976-07-10 09:00:00,DCNN,5034,24,1,DLY3208,697,1001,26.2,14.2,9.5,NA,9,9,9,0,NA,NA,NA,NA,NA,NA
1976-07-11 09:00:00,DCNN,5034,24,1,DLY3208,697,1001,25.7,14.1,9.2,NA,9,9,9,0,NA,NA,NA,NA,NA,NA
1976-07-12 09:00:00,DCNN,5034,24,1,DLY3208,697,1001,27.7,17.8,15.4,NA,9,9,9,0,NA,NA,NA,NA,NA,NA
1976-07-13 09:00:00,DCNN,5034,24,1,DLY3208,697,1001,30.4,17.5,14.6,NA,9,9,9,0,NA,NA,NA,NA,NA,NA
1976-07-14 09:00:00,DCNN,5034,24,1,DLY3208,697,1001,25.0,15.5,12.6,NA,9,9,9,0,NA,NA,NA,NA,NA,NA
1976-07-15 09:00:00,DCNN,5034,24,1,DLY3208,697,1001,24.3,15.1,10.6,NA,9,9,9,0,NA,NA,NA,NA,NA,NA
1976-07-16 09:00:00,DCNN,5034,24,1,DLY3208,697,1001,25.5,18.3,16.2,NA,9,9,9,0,NA,NA,NA,NA,NA,NA
1976-07-17 09:00:00,DCNN,5034,24,1,DLY3208,697,1001,24.1,16.8,13.4,NA,9,9,9,0,NA,NA,NA,NA,NA,NA
1976-07-18 09:00:00,DCNN,5034,24,1,DLY3208,697,1001,24.8,14.7,10.9,NA,9,9,9,0,NA,NA,NA,NA,NA,NA
1976-07-19 09:00:00,DCNN,5034,24,1,DLY3208,697,1001,27.3,17.5,15.0,NA,9,9,9,0,NA,NA,NA,NA,NA,NA
1976-07-20 09:00:00,DCNN,5034,24,1,DLY3208,697,1001,26.6,16.0,15.0,NA,9,9,9,0,NA,NA,NA,NA,NA,NA
1976-07-21 09:00:00,DCNN,5034,24,1,DLY3208,697,1001,23.4,12.0,9.5,NA,9,9,9,0,NA,NA,NA,NA,NA,NA
1976-07-22 09:00:00,DCNN,5034,24,1,DLY3208,697,1001,22.3,13.2,8.4,NA,9,9,9,0,NA,NA,NA,NA,NA,NA
1976-07-23 09:00:00,DCNN,5034,24,1,DLY3208,697,1001,22.0,12.4,6.6,NA,9,9,9,0,NA,NA,NA,NA,NA,NA
1976-07-24 09:00:00,DCNN,5034,24,1,DLY3208,697,1001,23.5,13.8,9.6,NA,9,9,9,0,NA,NA,NA,NA,NA,NA
1976-07-25 09:00:00,DCNN,5034,24,1,DLY3208,697,1001,23.5,14.3,9.6,NA,9,9,9,0,NA,NA,NA,NA,NA,NA
1976-07-26 09:00:00,DCNN,5034,24,1,DLY3208,697,1001,24.5,17.6,10.7,NA,9,9,9,0,NA,NA,NA,NA,NA,NA
1976-07-27 09:00:00,DCNN,5034,24,1,DLY3208,697,1001,23.8,13.0,7.0,NA,9,9,9,0,NA,NA,NA,NA,NA,NA
1976-07-28 09:00:00,DCNN,5034,24,1,DLY3208,697,1001,25.3,14.0,11.0,NA,9,9,9,0,NA,NA,NA,NA,NA,NA
1976-07-29 09:00:00,DCNN,5034,24,1,DLY3208,697,1001,26.4,11.2,6.3,NA,9,9,9,0,NA,NA,NA,NA,NA,NA
1976-07-30 09:00:00,DCNN,5034,24,1,DLY3208,697,1001,26.1,12.9,6.0,NA,9,9,9,0,NA,NA,NA,NA,NA,NA
1976-07-31 09:00:00,DCNN,5034,24,1,DLY3208,697,1001,22.8,12.4,8.0,NA,9,9,9,0,NA,NA,NA,NA,NA,NA
1976-08-01 09:00:00,DCNN,5034,24,1,DLY3208,697,1001,17.8,8.6,3.0,NA,9,9,9,0,NA,NA,NA,NA,NA,NA
1976-08-02 09:00:00,DCNN,5034,24,1,DLY3208,697,1001,22.2,13.9,9.5,NA,9,9,9,0,NA,NA,NA,NA,NA,NA
1976-08-03 09:00:00,DCNN,5034,24,1,DLY3208,697,1001,23.4,13.0,8.2,NA,9,9,9,0,NA,NA,NA,NA,NA,NA
1976-08-04 09:00:00,DCNN,5034,24,1,DLY3208,697,1001,22.9,13.0,9.5,NA,9,9,9,0,NA,NA,NA,NA,NA,NA
1976-08-05 09:00:00,DCNN,5034,24,1,DLY3208,697,1001,23.2,12.3,7.0,NA,9,9,9,0,NA,NA,NA,NA,NA,NA
1976-08-06 09:00:00,DCNN,5034,24,1,DLY3208,697,1001,24.0,13.5,9.1,NA,9,9,9,0,NA,NA,NA,NA,NA,NA
1976-08-07 09:00:00,DCNN,5034,24,1,DLY3208,697,1001,23.5,15.5,10.3,NA,9,9,9,0,NA,NA,NA,NA,NA,NA
1976-08-08 09:00:00,DCNN,5034,24,1,DLY3208,697,1001,24.8,14.2,11.6,NA,9,9,9,0,NA,NA,NA,NA,NA,NA
1976-08-09 09:00:00,DCNN,5034,24,1,DLY3208,697,1001,23.1,14.0,11.2,NA,9,9,9,0,NA,NA,NA,NA,NA,NA
1976-08-10 09:00:00,DCNN,5034,24,1,DLY3208,697,1001,24.2,13.4,10.9,NA,9,9,9,0,NA,NA,NA,NA,NA,NA
1976-08-11 09:00:00,DCNN,5034,24,1,DLY3208,697,1001,25.9,14.2,10.8,NA,9,9,9,0,NA,NA,NA,NA,NA,NA
1976-08-12 09:00:00,DCNN,5034,24,1,DLY3208,697,1001,25.5,14.2,9.1,NA,9,9,9,0,NA,NA,NA,NA,NA,NA
1976-08-13 09:00:00,DCNN,5034,24,1,DLY3208,697,1001,27.4,15.0,10.2,NA,9,9,9,0,NA,NA,NA,NA,NA,NA
1976-08-14 09:00:00,DCNN,5034,24,1,DLY3208,697,1001,28.4,17.1,12.9,NA,9,9,9,0,NA,NA,NA,NA,NA,NA
1976-08-15 09:00:00,DCNN,5034,24,1,DLY3208,697,1001,24.7,14.9,10.8,NA,9,9,9,0,NA,NA,NA,NA,NA,NA
1976-08-16 09:00:00,DCNN,5034,24,1,DLY3208,697,1001,26.1,14.4,9.4,NA,9,9,9,0,NA,NA,NA,NA,NA,NA
1976-08-17 09:00:00,DCNN,5034,24,1,DLY3208,697,1001,27.0,14.1,8.5,NA,9,9,9,0,NA,NA,NA,NA,NA,NA
1976-08-18 09:00:00,DCNN,5034,24,1,DLY3208,697,1001,27.3,16.1,12.8,NA,9,9,9,0,NA,NA,NA,NA,NA,NA
1976-08-19 09:00:00,DCNN,5034,24,1,DLY3208,697,1001,24.6,14.4,11.2,NA,9,9,9,0,NA,NA,NA,NA,NA,NA
1976-08-20 09:00:00,DCNN,5034,24,1,DLY3208,697,1001,26.2,13.0,11.2,NA,9,9,9,0,NA,NA,NA,NA,NA,NA
1976-08-21 09:00:00,DCNN,5034,24,1,DLY3208,697,1001,27.5,14.8,11.5,NA,9,9,9,0,NA,NA,NA,NA,NA,NA
1976-08-22 09:00:00,DCNN,5034,24,1,DLY3208,697,1001,25.3,17.2,13.7,NA,9,9,9,0,NA,NA,NA,NA,NA,NA
1976-08-23 09:00:00,DCNN,5034,24,1,DLY3208,697,1001,24.9,15.4,9.5,NA,9,9,9,0,NA,NA,NA,NA,NA,NA
1976-08-24 09:00:00,DCNN,5034,24,1,DLY3208,697,1001,25.6,14.4,8.5,NA,9,9,9,0,NA,NA,NA,NA,NA,NA
1976-08-25 09:00:00,DCNN,5034,24,1,DLY3208,697,1001,29.9,14.5,9.6,NA,9,9,9,0,NA,NA,NA,NA,NA,NA
1976-08-26 09:00:00,DCNN,5034,24,1,DLY3208,697,1001,30.0,15.7,12.2,NA,9,9,9,0,NA,NA,NA,NA,NA,NA
1976-08-27 09:00:00,DCNN,5034,24,1,DLY3208,697,1001,28.1,15.0,12.9,NA,9,9,9,0,NA,NA,NA,NA,NA,NA
1976-08-28 09:00:00,DCNN,5034,24,1,DLY3208,697,1001,21.6,14.2,11.1,NA,9,9,9,0,NA,NA,NA,NA,NA,NA
1976-08-29 09:00:00,DCNN,5034,24,1,DLY3208,697,1001,21.4,13.4,9.3,NA,9,9,9,0,NA,NA,NA,NA,NA,NA
1976-08-30 09:00:00,DCNN,5034,24,1,DLY3208,697,1001,21.7,14.8,14.5,NA,9,9,9,0,NA,NA,NA,NA,NA,NA
1976-08-31 09:00:00,DCNN,5034,24,1,DLY3208,697,1001,19.6,14.3,10.8,NA,9,9,9,0,NA,NA,NA,NA,NA,NA
1976-09-01 09:00:00,DCNN,5034,24,1,DLY3208,697,1001,19.7,12.9,8.4,NA,9,9,9,0,NA,NA,NA,NA,NA,NA
1976-09-02 09:00:00,DCNN,5034,24,1,DLY3208,697,1001,19.6,10.1,7.9,NA,9,9,9,0,NA,NA,NA,NA,NA,NA
1976-09-03 09:00:00,DCNN,5034,24,1,DLY3208,697,1001,16.5,8.9,4.9,NA,9,9,9,0,NA,NA,NA,NA,NA,NA
1976-09-04 09:00:00,DCNN,5034,24,1,DLY3208,697,1001,19.5,13.0,9.3,NA,9,9,9,0,NA,NA,NA,NA,NA,NA
1976-09-05 09:00:00,DCNN,5034,24,1,DLY3208,697,1001,17.5,10.0,4.4,NA,9,9,9,0,NA,NA,NA,NA,NA,NA
1976-09-06 09:00:00,DCNN,5034,24,1,DLY3208,697,1001,21.5,9.4,4.4,NA,9,9,9,0,NA,NA,NA,NA,NA,NA
1976-09-07 09:00:00,DCNN,5034,24,1,DLY3208,697,1001,23.4,10.1,4.7,NA,9,9,9,0,NA,NA,NA,NA,NA,NA
1976-09-08 09:00:00,DCNN,5034,24,1,DLY3208,697,1001,23.8,10.2,4.8,NA,9,9,9,0,NA,NA,NA,NA,NA,NA
1976-09-09 09:00:00,DCNN,5034,24,1,DLY3208,697,1001,24.1,11.2,8.2,NA,9,9,9,0,NA,NA,NA,NA,NA,NA
1976-09-10 09:00:00,DCNN,5034,24,1,DLY3208,697,1001,15.4,9.0,6.4,NA,9,9,9,0,NA,NA,NA,NA,NA,NA
1976-09-11 09:00:00,DCNN,5034,24,1,DLY3208,697,1001,16.1,11.0,9.3,NA,9,9,9,0,NA,NA,NA,NA,NA,NA
1976-09-12 09:00:00,DCNN,5034,24,1,DLY3208,697,1001,18.3,9.6,8.2,NA,9,9,9,0,NA,NA,NA,NA,NA,NA
1976-09-13 09:00:00,DCNN,5034,24,1,DLY3208,697,1001,17.9,11.0,10.5,NA,9,9,9,0,NA,NA,NA,NA,NA,NA
1976-09-14 09:00:00,DCNN,5034,24,1,DLY3208,697,1001,13.1,8.8,5.9,NA,9,9,9,0,NA,NA,NA,NA,NA,NA
1976-09-15 09:00:00,DCNN,5034,24,1,DLY3208,697,1001,15.0,11.8,11.0,NA,9,9,9,0,NA,NA,NA,NA,NA,NA
1976-09-16 09:00:00,DCNN,5034,24,1,DLY3208,697,1001,13.9,10.2,8.9,NA,9,9,9,0,NA,NA,NA,NA,NA,NA
1976-09-17 09:00:00,DCNN,5034,24,1,DLY3208,697,1001,15.6,10.0,8.3,NA,9,9,9,0,NA,NA,NA,NA,NA,NA
1976-09-18 09:00:00,DCNN,5034,24,1,DLY3208,697,1001,17.5,10.2,6.5,NA,9,9,9,0,NA,NA,NA,NA,NA,NA
1976-09-19 09:00:00,DCNN,5034,24,1,DLY3208,697,1001,18.9,11.4,7.8,NA,9,9,9,0,NA,NA,NA,NA,NA,NA
1976-09-20 09:00:00,DCNN,5034,24,1,DLY3208,697,1001,19.2,13.1,8.8,NA,9,9,9,0,NA,NA,NA,NA,NA,NA
1976-09-21 09:00:00,DCNN,5034,24,1,DLY3208,697,1001,22.6,15.1,11.5,NA,9,9,9,0,NA,NA,NA,NA,NA,NA
1976-09-22 09:00:00,DCNN,5034,24,1,DLY3208,697,1001,22.4,14.0,9.5,NA,9,9,9,0,NA,NA,NA,NA,NA,NA
1976-09-23 09:00:00,DCNN,5034,24,1,DLY3208,697,1001,19.6,12.5,8.2,NA,9,9,9,0,NA,NA,NA,NA,NA,NA
1976-09-24 09:00:00,DCNN,5034,24,1,DLY3208,697,1001,17.8,12.5,14.3,NA,9,109,109,0,NA,NA,NA,NA,NA,NA
1976-09-25 09:00:00,DCNN,5034,24,1,DLY3208,697,1001,19.2,15.7,15.0,NA,9,9,9,0,NA,NA,NA,NA,NA,NA
1976-09-26 09:00:00,DCNN,5034,24,1,DLY3208,697,1001,20.0,14.4,11.2,NA,9,9,9,0,NA,NA,NA,NA,NA,NA
1976-09-27 09:00:00,DCNN,5034,24,1,DLY3208,697,1001,22.2,15.2,10.6,NA,9,9,9,0,NA,NA,NA,NA,NA,NA
1976-09-28 09:00:00,DCNN,5034,24,1,DLY3208,697,1001,22.9,13.0,9.4,NA,9,9,9,0,NA,NA,NA,NA,NA,NA
1976-09-29 09:00:00,DCNN,5034,24,1,DLY3208,697,1001,22.9,13.0,10.8,NA,9,9,9,0,NA,NA,NA,NA,NA,NA
1976-09-30 09:00:00,DCNN,5034,24,1,DLY3208,697,1001,19.1,13.6,9.5,NA,9,9,9,0,NA,NA,NA,NA,NA,NA
1976-10-01 09:00:00,DCNN,5034,24,1,DLY3208,697,1001,18.5,13.1,8.5,NA,9,9,9,0,NA,NA,NA,NA,NA,NA
1976-10-02 09:00:00,DCNN,5034,24,1,DLY3208,697,1001,19.4,13.3,8.6,NA,9,9,9,0,NA,NA,NA,NA,NA,NA
1976-10-03 09:00:00,DCNN,5034,24,1,DLY3208,697,1001,16.9,11.6,7.9,NA,9,9,9,0,NA,NA,NA,NA,NA,NA
1976-10-04 09:00:00,DCNN,5034,24,1,DLY3208,697,1001,18.1,10.8,9.0,NA,9,9,9,0,NA,NA,NA,NA,NA,NA
1976-10-05 09:00:00,DCNN,5034,24,1,DLY3208,697,1001,15.1,6.5,1.8,NA,9,9,9,0,NA,NA,NA,NA,NA,NA
1976-10-06 09:00:00,DCNN,5034,24,1,DLY3208,697,1001,17.1,12.0,10.4,NA,9,9,9,0,NA,NA,NA,NA,NA,NA
1976-10-07 09:00:00,DCNN,5034,24,1,DLY3208,697,1001,18.3,12.0,8.5,NA,9,9,9,0,NA,NA,NA,NA,NA,NA
1976-10-08 09:00:00,DCNN,5034,24,1,DLY3208,697,1001,18.4,9.4,6.0,NA,9,9,9,0,NA,NA,NA,NA,NA,NA
1976-10-09 09:00:00,DCNN,5034,24,1,DLY3208,697,1001,15.6,11.8,9.4,NA,9,9,9,0,NA,NA,NA,NA,NA,NA
1976-10-10 09:00:00,DCNN,5034,24,1,DLY3208,697,1001,19.8,12.0,7.4,NA,9,9,9,0,NA,NA,NA,NA,NA,NA
1976-10-11 09:00:00,DCNN,5034,24,1,DLY3208,697,1001,18.0,14.7,10.8,NA,9,9,9,0,NA,NA,NA,NA,NA,NA
1976-10-12 09:00:00,DCNN,5034,24,1,DLY3208,697,1001,19.8,12.4,9.6,NA,9,9,9,0,NA,NA,NA,NA,NA,NA
1976-10-13 09:00:00,DCNN,5034,24,1,DLY3208,697,1001,15.0,8.9,5.6,NA,9,9,9,0,NA,NA,NA,NA,NA,NA
1976-10-14 09:00:00,DCNN,5034,24,1,DLY3208,697,1001,12.5,9.5,8.1,NA,9,9,9,0,NA,NA,NA,NA,NA,NA
1976-10-15 09:00:00,DCNN,5034,24,1,DLY3208,697,1001,12.7,10.4,9.6,NA,9,9,9,0,NA,NA,NA,NA,NA,NA
1976-10-16 09:00:00,DCNN,5034,24,1,DLY3208,697,1001,12.5,5.5,0.1,NA,9,9,9,0,NA,NA,NA,NA,NA,NA
1976-10-17 09:00:00,DCNN,5034,24,1,DLY3208,697,1001,14.4,8.5,4.1,NA,9,9,9,0,NA,NA,NA,NA,NA,NA
1976-10-18 09:00:00,DCNN,5034,24,1,DLY3208,697,1001,13.7,10.5,8.5,NA,9,9,9,0,NA,NA,NA,NA,NA,NA
1976-10-19 09:00:00,DCNN,5034,24,1,DLY3208,697,1001,13.3,10.8,8.1,NA,9,9,9,0,NA,NA,NA,NA,NA,NA
1976-10-20 09:00:00,DCNN,5034,24,1,DLY3208,697,1001,13.7,8.5,2.9,NA,9,9,9,0,NA,NA,NA,NA,NA,NA
1976-10-21 09:00:00,DCNN,5034,24,1,DLY3208,697,1001,13.4,6.5,-0.5,NA,9,9,9,0,NA,NA,NA,NA,NA,NA
1976-10-22 09:00:00,DCNN,5034,24,1,DLY3208,697,1001,14.0,7.5,1.5,NA,9,9,9,0,NA,NA,NA,NA,NA,NA
1976-10-23 09:00:00,DCNN,5034,24,1,DLY3208,697,1001,13.8,11.8,7.6,NA,9,9,9,0,NA,NA,NA,NA,NA,NA
1976-10-24 09:00:00,DCNN,5034,24,1,DLY3208,697,1001,14.6,5.7,-0.6,NA,9,9,9,0,NA,NA,NA,NA,NA,NA
1976-10-25 09:00:00,DCNN,5034,24,1,DLY3208,697,1001,13.6,8.1,4.5,NA,9,9,9,0,NA,NA,NA,NA,NA,NA
1976-10-26 09:00:00,DCNN,5034,24,1,DLY3208,697,1001,13.7,10.0,5.0,NA,9,9,9,0,NA,NA,NA,NA,NA,NA
1976-10-27 09:00:00,DCNN,5034,24,1,DLY3208,697,1001,15.0,8.2,2.4,NA,9,9,9,0,NA,NA,NA,NA,NA,NA
1976-10-28 09:00:00,DCNN,5034,24,1,DLY3208,697,1001,14.2,8.5,3.5,NA,9,9,9,0,NA,NA,NA,NA,NA,NA
1976-10-29 09:00:00,DCNN,5034,24,1,DLY3208,697,1001,11.2,8.5,7.5,NA,9,9,9,0,NA,NA,NA,NA,NA,NA
1976-10-30 09:00:00,DCNN,5034,24,1,DLY3208,697,1001,11.4,8.7,8.0,NA,9,9,9,0,NA,NA,NA,NA,NA,NA
1976-10-31 09:00:00,DCNN,5034,24,1,DLY3208,697,1001,12.5,5.0,-0.5,NA,9,9,9,0,NA,NA,NA,NA,NA,NA
1976-11-01 09:00:00,DCNN,5034,24,1,DLY3208,697,1001,11.0,6.2,2.7,NA,9,9,9,0,NA,NA,NA,NA,NA,NA
1976-11-02 09:00:00,DCNN,5034,24,1,DLY3208,697,1001,12.1,6.0,-0.4,NA,9,9,9,0,NA,NA,NA,NA,NA,NA
1976-11-03 09:00:00,DCNN,5034,24,1,DLY3208,697,1001,10.2,1.0,-4.6,NA,9,9,9,0,NA,NA,NA,NA,NA,NA
1976-11-04 09:00:00,DCNN,5034,24,1,DLY3208,697,1001,10.2,0.5,-5.5,NA,9,9,9,0,NA,NA,NA,NA,NA,NA
1976-11-05 09:00:00,DCNN,5034,24,1,DLY3208,697,1001,11.3,5.8,-1.4,NA,9,9,9,0,NA,NA,NA,NA,NA,NA
1976-11-06 09:00:00,DCNN,5034,24,1,DLY3208,697,1001,13.0,9.1,2.0,NA,9,9,9,0,NA,NA,NA,NA,NA,NA
1976-11-07 09:00:00,DCNN,5034,24,1,DLY3208,697,1001,12.9,5.5,-1.7,NA,9,9,9,0,NA,NA,NA,NA,NA,NA
1976-11-08 09:00:00,DCNN,5034,24,1,DLY3208,697,1001,12.4,5.6,-1.4,NA,9,9,9,0,NA,NA,NA,NA,NA,NA
1976-11-09 09:00:00,DCNN,5034,24,1,DLY3208,697,1001,10.9,4.4,-2.0,NA,9,9,9,0,NA,NA,NA,NA,NA,NA
1976-11-10 09:00:00,DCNN,5034,24,1,DLY3208,697,1001,12.0,7.5,2.1,NA,9,9,9,0,NA,NA,NA,NA,NA,NA
1976-11-11 09:00:00,DCNN,5034,24,1,DLY3208,697,1001,9.0,0.8,-3.9,NA,9,9,9,0,NA,NA,NA,NA,NA,NA
1976-11-12 09:00:00,DCNN,5034,24,1,DLY3208,697,1001,9.5,3.3,-0.7,NA,9,9,9,0,NA,NA,NA,NA,NA,NA
1976-11-13 09:00:00,DCNN,5034,24,1,DLY3208,697,1001,6.9,5.6,5.0,NA,9,9,9,0,NA,NA,NA,NA,NA,NA
1976-11-14 09:00:00,DCNN,5034,24,1,DLY3208,697,1001,6.0,0.6,-1.6,NA,9,9,9,0,NA,NA,NA,NA,NA,NA
1976-11-15 09:00:00,DCNN,5034,24,1,DLY3208,697,1001,7.8,1.5,-1.0,NA,9,9,9,0,NA,NA,NA,NA,NA,NA
1976-11-16 09:00:00,DCNN,5034,24,1,DLY3208,697,1001,11.1,6.1,1.3,NA,9,9,9,0,NA,NA,NA,NA,NA,NA
1976-11-17 09:00:00,DCNN,5034,24,1,DLY3208,697,1001,10.2,8.6,7.5,NA,9,9,9,0,NA,NA,NA,NA,NA,NA
1976-11-18 09:00:00,DCNN,5034,24,1,DLY3208,697,1001,10.6,9.1,8.0,NA,9,9,9,0,NA,NA,NA,NA,NA,NA
1976-11-19 09:00:00,DCNN,5034,24,1,DLY3208,697,1001,11.7,7.7,4.2,NA,9,9,9,0,NA,NA,NA,NA,NA,NA
1976-11-20 09:00:00,DCNN,5034,24,1,DLY3208,697,1001,10.8,6.4,2.6,NA,9,9,9,0,NA,NA,NA,NA,NA,NA
1976-11-21 09:00:00,DCNN,5034,24,1,DLY3208,697,1001,8.7,4.3,-0.4,NA,9,9,9,0,NA,NA,NA,NA,NA,NA
1976-11-22 09:00:00,DCNN,5034,24,1,DLY3208,697,1001,7.9,6.1,4.7,NA,9,9,9,0,NA,NA,NA,NA,NA,NA
1976-11-23 09:00:00,DCNN,5034,24,1,DLY3208,697,1001,8.0,0.8,-3.1,NA,9,9,9,0,NA,NA,NA,NA,NA,NA
1976-11-24 09:00:00,DCNN,5034,24,1,DLY3208,697,1001,6.6,0.8,-3.3,NA,9,9,9,0,NA,NA,NA,NA,NA,NA
1976-11-25 09:00:00,DCNN,5034,24,1,DLY3208,697,1001,9.9,4.4,-1.2,NA,9,9,9,0,NA,NA,NA,NA,NA,NA
1976-11-26 09:00:00,DCNN,5034,24,1,DLY3208,697,1001,9.7,7.5,6.3,NA,9,9,9,0,NA,NA,NA,NA,NA,NA
1976-11-27 09:00:00,DCNN,5034,24,1,DLY3208,697,1001,10.6,5.3,-1.1,NA,9,9,9,0,NA,NA,NA,NA,NA,NA
1976-11-28 09:00:00,DCNN,5034,24,1,DLY3208,697,1001,11.3,5.7,0.3,NA,9,9,9,0,NA,NA,NA,NA,NA,NA
1976-11-29 09:00:00,DCNN,5034,24,1,DLY3208,697,1001,11.8,5.3,0.3,NA,9,9,9,0,NA,NA,NA,NA,NA,NA
1976-11-30 09:00:00,DCNN,5034,24,1,DLY3208,697,1001,9.5,4.5,-1.1,NA,9,9,9,0,NA,NA,NA,NA,NA,NA
1976-12-01 09:00:00,DCNN,5034,24,1,DLY3208,697,1001,8.7,1.1,-4.1,NA,9,9,9,0,NA,NA,NA,NA,NA,NA
1976-12-02 09:00:00,DCNN,5034,24,1,DLY3208,697,1001,6.5,2.6,0.0,NA,9,9,9,0,NA,NA,NA,NA,NA,NA
1976-12-03 09:00:00,DCNN,5034,24,1,DLY3208,697,1001,5.7,-1.7,-8.0,NA,9,9,9,0,NA,NA,NA,NA,NA,NA
1976-12-04 09:00:00,DCNN,5034,24,1,DLY3208,697,1001,3.6,-3.2,-8.8,NA,9,9,9,0,NA,NA,NA,NA,NA,NA
1976-12-05 09:00:00,DCNN,5034,24,1,DLY3208,697,1001,3.6,-3.4,-9.6,NA,9,9,9,0,NA,NA,NA,NA,NA,NA
1976-12-06 09:00:00,DCNN,5034,24,1,DLY3208,697,1001,7.2,-2.7,-7.5,NA,9,9,9,0,NA,NA,NA,NA,NA,NA
1976-12-07 09:00:00,DCNN,5034,24,1,DLY3208,697,1001,9.5,4.1,-0.5,NA,9,9,9,0,NA,NA,NA,NA,NA,NA
1976-12-08 09:00:00,DCNN,5034,24,1,DLY3208,697,1001,8.7,5.2,1.7,NA,9,9,9,0,NA,NA,NA,NA,NA,NA
1976-12-09 09:00:00,DCNN,5034,24,1,DLY3208,697,1001,8.9,2.4,-5.5,NA,9,9,9,0,NA,NA,NA,NA,NA,NA
1976-12-10 09:00:00,DCNN,5034,24,1,DLY3208,697,1001,5.4,-2.1,-8.4,NA,9,9,9,0,NA,NA,NA,NA,NA,NA
1976-12-11 09:00:00,DCNN,5034,24,1,DLY3208,697,1001,4.1,-1.4,-7.9,NA,9,9,9,0,NA,NA,NA,NA,NA,NA
1976-12-12 09:00:00,DCNN,5034,24,1,DLY3208,697,1001,4.6,-0.9,-8.5,NA,9,9,9,0,NA,NA,NA,NA,NA,NA
1976-12-13 09:00:00,DCNN,5034,24,1,DLY3208,697,1001,4.5,-0.1,-4.8,NA,9,9,9,0,NA,NA,NA,NA,NA,NA
1976-12-14 09:00:00,DCNN,5034,24,1,DLY3208,697,1001,4.5,0.7,-1.1,NA,9,9,9,0,NA,NA,NA,NA,NA,NA
1976-12-15 09:00:00,DCNN,5034,24,1,DLY3208,697,1001,5.7,0.9,-3.5,NA,9,9,9,0,NA,NA,NA,NA,NA,NA
1976-12-16 09:00:00,DCNN,5034,24,1,DLY3208,697,1001,3.7,1.1,-2.5,NA,9,9,9,0,NA,NA,NA,NA,NA,NA
1976-12-17 09:00:00,DCNN,5034,24,1,DLY3208,697,1001,4.1,0.7,-7.8,NA,9,9,9,0,NA,NA,NA,NA,NA,NA
1976-12-18 09:00:00,DCNN,5034,24,1,DLY3208,697,1001,3.4,1.2,-0.1,NA,9,9,9,0,NA,NA,NA,NA,NA,NA
1976-12-19 09:00:00,DCNN,5034,24,1,DLY3208,697,1001,5.7,2.8,2.3,NA,9,9,9,0,NA,NA,NA,NA,NA,NA
1976-12-20 09:00:00,DCNN,5034,24,1,DLY3208,697,1001,6.8,4.1,3.8,NA,9,9,9,0,NA,NA,NA,NA,NA,NA
1976-12-21 09:00:00,DCNN,5034,24,1,DLY3208,697,1001,7.5,4.1,2.5,NA,9,9,9,0,NA,NA,NA,NA,NA,NA
1976-12-22 09:00:00,DCNN,5034,24,1,DLY3208,697,1001,7.9,1.2,-5.5,NA,9,9,9,0,NA,NA,NA,NA,NA,NA
1976-12-23 09:00:00,DCNN,5034,24,1,DLY3208,697,1001,9.7,5.2,4.0,NA,9,9,9,0,NA,NA,NA,NA,NA,NA
1976-12-24 09:00:00,DCNN,5034,24,1,DLY3208,697,1001,6.5,4.4,0.9,NA,9,9,9,0,NA,NA,NA,NA,NA,NA
1976-12-25 09:00:00,DCNN,5034,24,1,DLY3208,697,1001,6.3,2.1,-1.9,NA,9,9,9,0,NA,NA,NA,NA,NA,NA
1976-12-26 09:00:00,DCNN,5034,24,1,DLY3208,697,1001,4.7,2.0,-2.3,NA,9,9,9,0,NA,NA,NA,NA,NA,NA
1976-12-27 09:00:00,DCNN,5034,24,1,DLY3208,697,1001,5.9,2.2,-1.0,NA,9,9,9,0,NA,NA,NA,NA,NA,NA
1976-12-28 09:00:00,DCNN,5034,24,1,DLY3208,697,1001,5.2,0.5,-1.5,NA,9,9,9,0,NA,NA,NA,NA,NA,NA
1976-12-29 09:00:00,DCNN,5034,24,1,DLY3208,697,1001,2.8,-4.4,-10.5,NA,9,9,9,0,NA,NA,NA,NA,NA,NA
1976-12-30 09:00:00,DCNN,5034,24,1,DLY3208,697,1001,3.2,-2.5,-8.4,NA,9,9,9,0,NA,NA,NA,NA,NA,NA
1976-12-31 09:00:00,DCNN,5034,24,1,DLY3208,697,1001,7.4,3.0,1.4,NA,9,9,9,0,NA,NA,NA,NA,NA,NA
end data
